{
    "accuracy": [
        0.6849056482315063,
        0.7355346083641052,
        0.7735849022865295,
        0.7933962345123291,
        0.8179244995117188,
        0.8270440101623535,
        0.8358490467071533,
        0.8355345726013184,
        0.8506289124488831,
        0.856918215751648,
        0.8613207340240479,
        0.8798742294311523,
        0.8713836669921875,
        0.8795597553253174,
        0.8883647918701172
    ],
    "loss": [
        0.9355805516242981,
        0.8016138672828674,
        0.7070125341415405,
        0.6421790719032288,
        0.6007974147796631,
        0.565265953540802,
        0.5263068675994873,
        0.5121585130691528,
        0.4812159240245819,
        0.460997074842453,
        0.44404324889183044,
        0.4138948321342468,
        0.4011976420879364,
        0.3924465477466583,
        0.37614500522613525
    ],
    "val_accuracy": [
        0.7822299599647522,
        0.7752613425254822,
        0.7822299599647522,
        0.7857142686843872,
        0.7944250702857971,
        0.806620180606842,
        0.8048780560493469,
        0.8135888576507568,
        0.8240417838096619,
        0.8275261521339417,
        0.8327525854110718,
        0.8362369537353516,
        0.8414633870124817,
        0.8484320640563965,
        0.8554006814956665
    ],
    "val_loss": [
        0.6714046597480774,
        0.6858146786689758,
        0.6665410399436951,
        0.6386863589286804,
        0.6084985136985779,
        0.5841194987297058,
        0.5596068501472473,
        0.5368320345878601,
        0.5153155326843262,
        0.49585801362991333,
        0.47963234782218933,
        0.4632837474346161,
        0.4468795359134674,
        0.43407192826271057,
        0.4198848307132721
    ]
}