{
    "accuracy": [
        0.6930817365646362,
        0.7547169923782349,
        0.7770439982414246,
        0.7880502939224243,
        0.8194968700408936,
        0.8198113441467285,
        0.8399370908737183,
        0.8408805131912231,
        0.8544025421142578,
        0.8663522005081177,
        0.8694968819618225,
        0.8789308071136475,
        0.8773584961891174,
        0.8902515769004822,
        0.8867924809455872
    ],
    "loss": [
        0.8823950290679932,
        0.7586970925331116,
        0.6664867997169495,
        0.625195324420929,
        0.5877127051353455,
        0.5518910884857178,
        0.5063549280166626,
        0.4948684275150299,
        0.46087056398391724,
        0.4355143904685974,
        0.421958327293396,
        0.4023386538028717,
        0.3875892758369446,
        0.3662407398223877,
        0.3610039949417114
    ],
    "val_accuracy": [
        0.7735191583633423,
        0.7787456512451172,
        0.7822299599647522,
        0.7944250702857971,
        0.806620180606842,
        0.8135888576507568,
        0.8222996592521667,
        0.8310104608535767,
        0.8310104608535767,
        0.8327525854110718,
        0.8397212624549866,
        0.8466898798942566,
        0.8554006814956665,
        0.8641114830970764,
        0.8693379759788513
    ],
    "val_loss": [
        0.6571276783943176,
        0.6714364290237427,
        0.6557849049568176,
        0.6282384991645813,
        0.6006057262420654,
        0.5744840502738953,
        0.5500305891036987,
        0.5283553600311279,
        0.5077114701271057,
        0.4904511272907257,
        0.47206589579582214,
        0.4555351436138153,
        0.43786734342575073,
        0.4236977994441986,
        0.41252070665359497
    ]
}